{"count":1,"gauges":{"SephraihBrain.CumulativeReward":{"count":3167,"max":0.96,"min":-0.99,"value":-0.979999959,"weightedAverage":-0.425516218}},"self":999.28023039999994,"total":6297.9613878,"children":{"AgentSendState":{"count":1893701,"self":71.956927999999991,"total":152.9634365,"children":{"CollectObservations":{"count":2272442,"self":20.7500224,"total":20.7500221,"children":null},"AgentInfo.ToProto":{"count":2272442,"self":31.4912992,"total":60.2564892,"children":{"GenerateSensorData":{"count":2272442,"self":28.765190399999998,"total":28.7651908,"children":null}}}}},"DecideAction":{"count":1893701,"self":5061.9826176,"total":5061.9827846,"children":null},"AgentAct":{"count":1893701,"self":83.6445504,"total":83.7329613,"children":{"AgentInfo.ToProto":{"count":3167,"self":0.049456,"total":0.0884103,"children":{"GenerateSensorData":{"count":3167,"self":0.0389543,"total":0.0389543,"children":null}}}}}}}