{"count":1,"gauges":{"WarriorBrain.CumulativeReward":{"count":62,"max":-0.6,"min":-10.0001812,"value":-9.995181,"weightedAverage":-6.41486263},"HealerBrain.CumulativeReward":{"count":42,"max":-1.77499974,"min":-260.283234,"value":-18.9382553,"weightedAverage":-72.51678}},"self":52.837382399999996,"total":129.3708253,"children":{"AgentSendState":{"count":23734,"self":3.6256087999999997,"total":9.9893159,"children":{"CollectObservations":{"count":189920,"self":2.0992344,"total":2.0992344,"children":null},"AgentInfo.ToProto":{"count":189920,"self":2.0773332,"total":4.2644727,"children":{"GenerateSensorData":{"count":189920,"self":2.1871396,"total":2.1871395,"children":null}}}}},"DecideAction":{"count":23734,"self":45.7603072,"total":45.7603066,"children":null},"AgentAct":{"count":23734,"self":20.780824,"total":20.7828216,"children":{"AgentInfo.ToProto":{"count":100,"self":0.00099899999999999989,"total":0.0019979999999999998,"children":{"GenerateSensorData":{"count":100,"self":0.00099899999999999989,"total":0.00099899999999999989,"children":null}}}}},"AgentInfo.ToProto":{"count":4,"self":0,"total":0,"children":{"GenerateSensorData":{"count":4,"self":0,"total":0,"children":null}}}}}