{"count":1,"gauges":{"MageBrain.CumulativeReward":{"count":442,"max":-0.183000028,"min":-1.04099965,"value":-0.574,"weightedAverage":-0.584052265}},"self":164.2183168,"total":172.2936244,"children":{"AgentSendState":{"count":17171,"self":0.7183493,"total":1.1380891,"children":{"CollectObservations":{"count":54976,"self":0.4197398,"total":0.4197398,"children":null}}},"DecideAction":{"count":17171,"self":2.5600492,"total":2.5600491,"children":null},"AgentAct":{"count":17171,"self":4.376176,"total":4.3761760999999995,"children":null}}}