{"count":1,"gauges":{"MageBrain.CumulativeReward":{"count":155,"max":-0.005,"min":-4.024543,"value":-0.5943986,"weightedAverage":-0.5827719},"WarriorBrain.CumulativeReward":{"count":339,"max":-0.2458234,"min":-4.919961,"value":-0.607499838,"weightedAverage":-0.8735944}},"self":335.9196672,"total":385.59052119999996,"children":{"AgentSendState":{"count":38461,"self":2.8284428,"total":5.0107431,"children":{"CollectObservations":{"count":246208,"self":2.1823004,"total":2.1823004,"children":null}}},"DecideAction":{"count":38461,"self":9.8989376,"total":9.8989377999999988,"children":null},"AgentAct":{"count":38461,"self":34.760166399999996,"total":34.760166,"children":null}}}