{"count":1,"gauges":{"SephraihBrain.CumulativeReward":{"count":3286,"max":1.6,"min":-0.5,"value":-0.5,"weightedAverage":-0.499999881}},"self":107.20296959999999,"total":208.46385089999998,"children":{"AgentSendState":{"count":153467,"self":2.1352751999999997,"total":3.2450737,"children":{"CollectObservations":{"count":30693,"self":0.2738402,"total":0.2738402,"children":null},"AgentInfo.ToProto":{"count":30693,"self":0.42790029999999996,"total":0.8359584,"children":{"GenerateSensorData":{"count":30693,"self":0.4080581,"total":0.4080581,"children":null}}}}},"DecideAction":{"count":153467,"self":93.097849599999989,"total":93.09784839999999,"children":null},"AgentAct":{"count":153467,"self":4.8300611999999994,"total":4.9159627,"children":{"AgentInfo.ToProto":{"count":3239,"self":0.039977599999999995,"total":0.0859014,"children":{"GenerateSensorData":{"count":3239,"self":0.0459238,"total":0.0459238,"children":null}}}}},"AgentInfo.ToProto":{"count":47,"self":0.00099899999999999989,"total":0.0019977,"children":{"GenerateSensorData":{"count":47,"self":0.0009987,"total":0.0009987,"children":null}}}}}