{"count":1,"gauges":{"HealerBrain.CumulativeReward":{"count":37,"max":-0.401,"min":-0.753499866,"value":-0.53,"weightedAverage":-0.5911896},"WarriorBrain.CumulativeReward":{"count":64,"max":-0.125999987,"min":-0.89199996,"value":-0.458,"weightedAverage":-0.465569139}},"self":45.679871999999996,"total":54.2500657,"children":{"AgentSendState":{"count":5355,"self":0.4371966,"total":0.8921534,"children":{"CollectObservations":{"count":42880,"self":0.4549568,"total":0.4549568,"children":null}}},"DecideAction":{"count":5355,"self":1.6181470999999998,"total":1.6181470999999998,"children":null},"AgentAct":{"count":5355,"self":6.0588951999999994,"total":6.0588951,"children":null}}}