{"count":1,"gauges":{"HealerBrain.CumulativeReward":{"count":83,"max":-0.06235963,"min":-2.06999969,"value":-0.9592859,"weightedAverage":-0.8631935},"WarriorBrain.CumulativeReward":{"count":198,"max":-0.0489999652,"min":-1.63649917,"value":-0.419083327,"weightedAverage":-0.586563766}},"self":127.18072319999999,"total":148.0230895,"children":{"AgentSendState":{"count":14718,"self":1.1496089999999999,"total":2.3659235,"children":{"CollectObservations":{"count":117760,"self":1.2163145,"total":1.2163145,"children":null}}},"DecideAction":{"count":14718,"self":4.6844247999999995,"total":4.6844247999999995,"children":null},"AgentAct":{"count":14718,"self":13.7910192,"total":13.791019599999998,"children":null}}}