{"count":1,"gauges":{"WarriorBrain.CumulativeReward":{"count":839,"max":0.171000063,"min":-1.30299938,"value":-0.671,"weightedAverage":-0.5391521},"MageBrain.CumulativeReward":{"count":532,"max":0.118126512,"min":-0.8849999,"value":-0.5925,"weightedAverage":-0.545036256}},"self":230.79979519999998,"total":271.96378849999996,"children":{"AgentSendState":{"count":26960,"self":2.6652448,"total":5.2174955999999995,"children":{"CollectObservations":{"count":258816,"self":2.5522508,"total":2.5522507,"children":null}}},"DecideAction":{"count":26960,"self":9.1172639999999987,"total":9.1172638,"children":null},"AgentAct":{"count":26960,"self":26.829224,"total":26.8292236,"children":null}}}