{"count":1,"gauges":{},"self":16.742344,"total":24.672942799999998,"children":{"AgentSendState":{"count":2407,"self":0.3722697,"total":0.625911,"children":{"CollectObservations":{"count":34668,"self":0.2536413,"total":0.2536413,"children":null}}},"DecideAction":{"count":2407,"self":6.976204,"total":6.9762040999999995,"children":null},"AgentAct":{"count":2407,"self":0.3264864,"total":0.3264864,"children":null}}}