{"count":1,"gauges":{"SephraihBrain.CumulativeReward":{"count":19530,"max":4.66252327,"min":-9.705174,"value":-0.57,"weightedAverage":-0.4575295}},"self":2382.2176256,"total":6284.412092,"children":{"AgentSendState":{"count":1567101,"self":212.01899519999998,"total":569.31234299999994,"children":{"CollectObservations":{"count":10029504,"self":111.612224,"total":111.6122252,"children":null},"AgentInfo.ToProto":{"count":10029504,"self":121.68885759999999,"total":245.68112209999998,"children":{"GenerateSensorData":{"count":10029504,"self":123.99226879999999,"total":123.99226689999999,"children":null}}}}},"DecideAction":{"count":1567101,"self":2368.9572352,"total":2368.9572415,"children":null},"AgentAct":{"count":1567101,"self":963.1926272,"total":963.2905733,"children":{"AgentInfo.ToProto":{"count":2948,"self":0.0489562,"total":0.0979239,"children":{"GenerateSensorData":{"count":2948,"self":0.048967699999999996,"total":0.048967699999999996,"children":null}}}}},"AgentInfo.ToProto":{"count":16582,"self":0.3109143,"total":0.6333674,"children":{"GenerateSensorData":{"count":16582,"self":0.3224531,"total":0.3224531,"children":null}}}}}