{"count":1,"gauges":{"HealerBrain.CumulativeReward":{"count":61,"max":0.344829321,"min":-1.28555071,"value":-0.447,"weightedAverage":-0.295432627},"WarriorBrain.CumulativeReward":{"count":71,"max":0.105184555,"min":-1.04324973,"value":-0.6363083,"weightedAverage":-0.421599716}},"self":127.68256,"total":143.13231,"children":{"AgentSendState":{"count":14143,"self":1.1445423,"total":2.3715989,"children":{"CollectObservations":{"count":113200,"self":1.2270566,"total":1.2270566,"children":null}}},"DecideAction":{"count":14143,"self":4.176132,"total":4.1761317999999994,"children":null},"AgentAct":{"count":14143,"self":8.9010208,"total":8.901021,"children":null}}}