{"count":1,"gauges":{"SephraihBrain.CumulativeReward":{"count":213,"max":0.909999967,"min":-0.99,"value":0,"weightedAverage":-6.131302E-16}},"self":35.9064896,"total":276.6013957,"children":{"AgentSendState":{"count":31734,"self":11.6708032,"total":29.3665183,"children":{"CollectObservations":{"count":609296,"self":4.7186411999999995,"total":4.7186413,"children":null},"AgentInfo.ToProto":{"count":609296,"self":7.3758079999999993,"total":12.977074,"children":{"GenerateSensorData":{"count":609296,"self":5.601266,"total":5.6012661,"children":null}}}}},"DecideAction":{"count":31734,"self":204.1660672,"total":204.1660633,"children":null},"AgentAct":{"count":31734,"self":7.1563311999999994,"total":7.1613266,"children":{"AgentInfo.ToProto":{"count":213,"self":0.0009989,"total":0.0049955,"children":{"GenerateSensorData":{"count":213,"self":0.0039965999999999995,"total":0.0039965999999999995,"children":null}}}}}}}