{"count":1,"gauges":{},"self":15.520467199999999,"total":20.6440803,"children":{"AgentSendState":{"count":1991,"self":0.079742,"total":0.11270669999999999,"children":{"CollectObservations":{"count":3978,"self":0.0329647,"total":0.0329647,"children":null}}},"DecideAction":{"count":1991,"self":4.8570448,"total":4.8570449999999994,"children":null},"AgentAct":{"count":1991,"self":0.1528627,"total":0.1528627,"children":null}}}