{"count":1,"gauges":{"SephraihBrain.CumulativeReward":{"count":80,"max":0.98999995,"min":-0.99,"value":0.04,"weightedAverage":-0.103554048}},"self":86.6251648,"total":131.2454564,"children":{"AgentSendState":{"count":13042,"self":2.1939704,"total":3.6324772,"children":{"CollectObservations":{"count":187812,"self":1.4385067,"total":1.4385067,"children":null}}},"DecideAction":{"count":13042,"self":37.3933184,"total":37.3933191,"children":null},"AgentAct":{"count":13042,"self":3.593496,"total":3.5934961,"children":null}}}