{"count":1,"gauges":{"SephraihBrain.CumulativeReward":{"count":4,"max":-3.5,"min":-5,"value":-5,"weightedAverage":-4.015625}},"self":26.1098112,"total":27.4321904,"children":{"AgentSendState":{"count":2667,"self":0.051196,"total":0.0626929,"children":{"CollectObservations":{"count":1066,"self":0.0114969,"total":0.0114969,"children":null}}},"DecideAction":{"count":2667,"self":1.1537644999999999,"total":1.1537644999999999,"children":null},"AgentAct":{"count":2667,"self":0.10492349999999999,"total":0.10492349999999999,"children":null}}}