{"count":1,"gauges":{"SephraihBrain.CumulativeReward":{"count":1094,"max":-0.7010002,"min":-3.02599931,"value":-1.92101038,"weightedAverage":-1.63804865}},"self":784.0224256,"total":1075.8865303999999,"children":{"AgentSendState":{"count":106968,"self":13.2918416,"total":21.7915085,"children":{"CollectObservations":{"count":1026896,"self":8.4996663999999988,"total":8.4996666999999988,"children":null}}},"DecideAction":{"count":106968,"self":249.65585919999998,"total":249.655859,"children":null},"AgentAct":{"count":106968,"self":20.414752,"total":20.414752,"children":null}}}