{"count":1,"gauges":{"HealerBrain.CumulativeReward":{"count":8,"max":-0.5685,"min":-1.12000012,"value":-0.78,"weightedAverage":-0.666855633},"WarriorBrain.CumulativeReward":{"count":19,"max":-0.4904999,"min":-1.07249975,"value":-0.4904999,"weightedAverage":-0.652342558}},"self":17.9138944,"total":20.749979099999997,"children":{"AgentSendState":{"count":2019,"self":0.15749929999999998,"total":0.3086642,"children":{"CollectObservations":{"count":16160,"self":0.1511649,"total":0.1511649,"children":null}}},"DecideAction":{"count":2019,"self":0.6315276,"total":0.6315276,"children":null},"AgentAct":{"count":2019,"self":1.8948935999999998,"total":1.8948935,"children":null}}}