{"count":1,"gauges":{"MageBrain.CumulativeReward":{"count":38,"max":-0.4138149,"min":-1.068208,"value":-0.5675833,"weightedAverage":-0.6435408},"WarriorBrain.CumulativeReward":{"count":57,"max":-0.431958348,"min":-3.039843,"value":-0.6198522,"weightedAverage":-0.708911538}},"self":94.7582656,"total":104.11140189999999,"children":{"AgentSendState":{"count":10311,"self":0.80150959999999993,"total":1.4711029999999998,"children":{"CollectObservations":{"count":82560,"self":0.6695934,"total":0.6695934,"children":null}}},"DecideAction":{"count":10311,"self":2.9146099999999997,"total":2.9146099,"children":null},"AgentAct":{"count":10311,"self":4.9664252,"total":4.9664253,"children":null}}}