{"count":1,"gauges":{"HealerBrain.CumulativeReward":{"count":85,"max":0.3113227,"min":-1.58,"value":-0.3216994,"weightedAverage":-0.33714065},"MageBrain.CumulativeReward":{"count":161,"max":-0.362587929,"min":-0.8713498,"value":-0.5515,"weightedAverage":-0.590754032},"WarriorBrain.CumulativeReward":{"count":308,"max":0.432833374,"min":-0.8399997,"value":-0.675,"weightedAverage":-0.4997162}},"self":161.6518912,"total":189.7743615,"children":{"AgentSendState":{"count":18704,"self":1.8250206,"total":3.6438501999999997,"children":{"CollectObservations":{"count":179616,"self":1.8188296,"total":1.8188296,"children":null}}},"DecideAction":{"count":18704,"self":7.5928168,"total":7.5928169999999993,"children":null},"AgentAct":{"count":18704,"self":16.884808,"total":16.8848075,"children":null}}}