{"count":1,"gauges":{"SephraihBrain.CumulativeReward":{"count":1213,"max":0.98999995,"min":-0.99,"value":0,"weightedAverage":3.484165E-29}},"self":218.2838784,"total":1220.0918259999999,"children":{"AgentSendState":{"count":211167,"self":56.344544,"total":143.1177113,"children":{"CollectObservations":{"count":3040812,"self":22.686841599999997,"total":22.686841899999997,"children":null},"AgentInfo.ToProto":{"count":3040812,"self":36.505859199999996,"total":64.0863246,"children":{"GenerateSensorData":{"count":3040812,"self":27.580467199999998,"total":27.580465999999998,"children":null}}}}},"DecideAction":{"count":211167,"self":822.12285439999994,"total":822.1228423,"children":null},"AgentAct":{"count":211167,"self":36.5424192,"total":36.5663887,"children":{"AgentInfo.ToProto":{"count":1213,"self":0.0139793,"total":0.023968,"children":{"GenerateSensorData":{"count":1213,"self":0.0099887,"total":0.0099887,"children":null}}}}}}}