{"count":1,"gauges":{"MageBrain.CumulativeReward":{"count":6,"max":-0.535,"min":-0.595,"value":-0.535,"weightedAverage":-0.570346653},"HealerBrain.CumulativeReward":{"count":9,"max":-0.389749974,"min":-2.0599997,"value":-0.389749974,"weightedAverage":-0.761525154},"WarriorBrain.CumulativeReward":{"count":12,"max":-0.109999955,"min":-0.799999833,"value":-0.7099999,"weightedAverage":-0.561947}},"self":41.839984,"total":45.1543869,"children":{"AgentSendState":{"count":4438,"self":0.2392306,"total":0.4580353,"children":{"CollectObservations":{"count":21312,"self":0.2188047,"total":0.2188047,"children":null}}},"DecideAction":{"count":4438,"self":1.2873037999999999,"total":1.2873037999999999,"children":null},"AgentAct":{"count":4438,"self":1.5690632999999998,"total":1.5690632999999998,"children":null}}}