{"count":1,"gauges":{"HealerBrain.CumulativeReward":{"count":245,"max":-0.176824927,"min":-5.804841,"value":-1.17199945,"weightedAverage":-2.23285413},"WarriorBrain.CumulativeReward":{"count":438,"max":-0.09674999,"min":-3.12282133,"value":-0.5585,"weightedAverage":-0.7824397}},"self":300.2742272,"total":340.4239349,"children":{"AgentSendState":{"count":33579,"self":2.7263544,"total":5.527296,"children":{"CollectObservations":{"count":268640,"self":2.8009416,"total":2.8009417,"children":null}}},"DecideAction":{"count":33579,"self":10.278657599999999,"total":10.2786578,"children":null},"AgentAct":{"count":33579,"self":24.342753599999998,"total":24.342754,"children":null}}}