{"count":1,"gauges":{},"self":3.3105151999999998,"total":4.967732,"children":{"AgentSendState":{"count":436,"self":0.0827038,"total":0.1359185,"children":{"CollectObservations":{"count":8384,"self":0.0532147,"total":0.0532147,"children":null}}},"DecideAction":{"count":436,"self":1.4321770999999999,"total":1.4321770999999999,"children":null},"AgentAct":{"count":436,"self":0.0881223,"total":0.0881223,"children":null}}}